{
	"class_name" : "PinholeCameraParameters",
	"extrinsic" : 
	[
		1.0,
		0.0,
		0.0,
		0.0,
		0.0,
		0.99628644206850547,
		0.085989104207416608,
		0.0,
		0.0,
		-0.085989104207416608,
		0.99628644206850547,
		0.0,
		0.0,
		0.15,
		0.75,
		1.0
	],
	"intrinsic" : 
	{
		"height" : 1080,
		"intrinsic_matrix" : 
		[
			935.30743608719376,
			0.0,
			0.0,
			0.0,
			935.30743608719376,
			0.0,
			959.5,
			539.5,
			1.0
		],
		"width" : 1920
	},
	"version_major" : 1,
	"version_minor" : 0
}